{
    "type": "itemturret"
    "cannone_era0"
    "description": "powerful cannon who destroy entire army"
    "targetAir": true,
    "targetGround": true,
    "healt": 10000,
    "size": 5,
    "inaccuracy": 0,
    "shootType": "flakScrap"
    "reload": 80,
    "shootCone": 40,
    "rotateSpeed": 32,
    "shoots": 2,
    "range": 100
    "ammo": {
        "thorium": {
            "type":"FlakBulletType"
            "explodeRange": 2
            "speed": 60,
            "damage": 1200,
            "bulletWidth": 25,
            "bulletHeight": 50,
            "shootEffect": "artilleryTrail"
            "smokeEffect": "ShootBigSmoke"
            "ammoMultiplier": 4,
        },
        "titanium": {
            "type":"FlakBulletType"
            "explodeRange": 1
            "speed": 80,
            "damage": 1400,
            "bulletWidth": 25,
            "bulletHeight": 50,
            "shootEffect": "artilleryTrail"
            "smokeEffect": "ShootBigSmoke"
            "ammoMultiplier": 2,
    },
    "requirements": [
        { "item": "copper", "amount": 1300, }
        { "item": "thorium", "amount": 1400, }
        { "item": "titanium", "amount": 600, }
        { "item": "silicon", "amount": 2400, }
        { "item": "surge-alloy", "amount": 500, }
        { "item": "plastanium", "amount": 800, }
    ]
}